game_id,move_number,player,row,col,board_state,timestamp,winner
20250319_235518,1,1,2,0,000000100,2025-03-19 23:55:18,
20250319_235518,2,2,1,0,000200100,2025-03-19 23:55:19,
20250319_235518,3,1,0,1,010200100,2025-03-19 23:55:19,
20250319_235518,4,2,1,2,010202100,2025-03-19 23:55:19,
20250319_235518,5,1,2,1,010202110,2025-03-19 23:55:20,
20250319_235518,6,2,0,2,012202110,2025-03-19 23:55:20,
20250319_235518,7,1,0,0,112202110,2025-03-19 23:55:20,
20250319_235518,8,2,2,2,112202112,2025-03-19 23:55:21,2
20250319_235521,1,1,2,2,000000001,2025-03-19 23:55:21,
20250319_235521,2,2,2,1,000000021,2025-03-19 23:55:22,
20250319_235521,3,1,2,0,000000121,2025-03-19 23:55:22,
20250319_235521,4,2,1,0,000200121,2025-03-19 23:55:22,
20250319_235521,5,1,1,2,000201121,2025-03-19 23:55:23,
20250319_235521,6,2,0,1,020201121,2025-03-19 23:55:23,
20250319_235521,7,1,1,1,020211121,2025-03-19 23:55:23,
20250319_235521,8,2,0,0,220211121,2025-03-19 23:55:23,
20250319_235521,9,1,0,2,221211121,2025-03-19 23:55:23,1
20250319_235524,1,1,2,0,000000100,2025-03-19 23:55:24,
20250319_235524,2,2,2,2,000000102,2025-03-19 23:55:24,
20250319_235524,3,1,1,1,000010102,2025-03-19 23:55:24,
20250319_235524,4,2,1,0,000210102,2025-03-19 23:55:24,
20250319_235524,5,1,0,0,100210102,2025-03-19 23:55:24,
20250319_235524,6,2,0,2,102210102,2025-03-19 23:55:24,
20250319_235524,7,1,0,1,112210102,2025-03-19 23:55:24,
20250319_235524,8,2,1,2,112212102,2025-03-19 23:55:24,2
20250319_235524,1,1,1,0,000100000,2025-03-19 23:55:24,
20250319_235524,2,2,1,2,000102000,2025-03-19 23:55:24,
20250319_235524,3,1,0,2,001102000,2025-03-19 23:55:24,
20250319_235524,4,2,2,2,001102002,2025-03-19 23:55:25,
20250319_235524,5,1,0,1,011102002,2025-03-19 23:55:25,
20250319_235524,6,2,0,0,211102002,2025-03-19 23:55:25,
20250319_235524,7,1,2,0,211102102,2025-03-19 23:55:25,
20250319_235524,8,2,2,1,211102122,2025-03-19 23:55:25,
20250319_235524,9,1,1,1,211112122,2025-03-19 23:55:25,1
20250319_235525,1,1,1,1,000010000,2025-03-19 23:55:25,
20250319_235525,2,2,0,0,200010000,2025-03-19 23:55:25,
20250319_235525,3,1,0,2,201010000,2025-03-19 23:55:25,
20250319_235525,4,2,0,1,221010000,2025-03-19 23:55:25,
20250319_235525,5,1,2,0,221010100,2025-03-19 23:55:26,1
20250319_235526,1,1,0,2,001000000,2025-03-19 23:55:26,
20250319_235526,2,2,0,1,021000000,2025-03-19 23:55:26,
20250319_235526,3,1,1,0,021100000,2025-03-19 23:55:26,
20250319_235526,4,2,2,2,021100002,2025-03-19 23:55:26,
20250319_235526,5,1,1,1,021110002,2025-03-19 23:55:26,
20250319_235526,6,2,2,1,021110022,2025-03-19 23:55:26,
20250319_235526,7,1,2,0,021110122,2025-03-19 23:55:26,1
20250319_235527,1,1,2,2,000000001,2025-03-19 23:55:27,
20250319_235527,2,2,0,1,020000001,2025-03-19 23:55:27,
20250319_235527,3,1,1,0,020100001,2025-03-19 23:55:27,
20250319_235527,4,2,1,1,020120001,2025-03-19 23:55:27,
20250319_235527,5,1,2,1,020120011,2025-03-19 23:55:27,
20250319_235527,6,2,0,2,022120011,2025-03-19 23:55:27,
20250319_235527,7,1,0,0,122120011,2025-03-19 23:55:27,
20250319_235527,8,2,2,0,122120211,2025-03-19 23:55:27,2
20250319_235528,1,1,2,1,000000010,2025-03-19 23:55:28,
20250319_235528,2,2,0,1,020000010,2025-03-19 23:55:28,
20250319_235528,3,1,1,2,020001010,2025-03-19 23:55:28,
20250319_235528,4,2,0,2,022001010,2025-03-19 23:55:28,
20250319_235528,5,1,0,0,122001010,2025-03-19 23:55:28,
20250319_235528,6,2,1,1,122021010,2025-03-19 23:55:28,
20250319_235528,7,1,2,0,122021110,2025-03-19 23:55:28,
20250319_235528,8,2,1,0,122221110,2025-03-19 23:55:28,
20250319_235528,9,1,2,2,122221111,2025-03-19 23:55:28,1
20250319_235529,1,1,2,0,000000100,2025-03-19 23:55:29,
20250319_235529,2,2,0,2,002000100,2025-03-19 23:55:29,
20250319_235529,3,1,0,0,102000100,2025-03-19 23:55:29,
20250319_235529,4,2,1,2,102002100,2025-03-19 23:55:29,
20250319_235529,5,1,0,1,112002100,2025-03-19 23:55:29,
20250319_235529,6,2,2,1,112002120,2025-03-19 23:55:29,
20250319_235529,7,1,1,1,112012120,2025-03-19 23:55:29,
20250319_235529,8,2,1,0,112212120,2025-03-19 23:55:29,
20250319_235529,9,1,2,2,112212121,2025-03-19 23:55:29,1
20250319_235530,1,1,0,0,100000000,2025-03-19 23:55:30,
20250319_235530,2,2,2,2,100000002,2025-03-19 23:55:30,
20250319_235530,3,1,1,1,100010002,2025-03-19 23:55:30,
20250319_235530,4,2,2,0,100010202,2025-03-19 23:55:30,
20250319_235530,5,1,0,2,101010202,2025-03-19 23:55:30,
20250319_235530,6,2,1,2,101012202,2025-03-19 23:55:30,
20250319_235530,7,1,2,1,101012212,2025-03-19 23:55:30,
20250319_235530,8,2,1,0,101212212,2025-03-19 23:55:30,
20250319_235530,9,1,0,1,111212212,2025-03-19 23:55:30,1
20250319_235531,1,1,0,0,100000000,2025-03-19 23:55:31,
20250319_235531,2,2,2,0,100000200,2025-03-19 23:55:31,
20250319_235531,3,1,1,0,100100200,2025-03-19 23:55:31,
20250319_235531,4,2,1,1,100120200,2025-03-19 23:55:31,
20250319_235531,5,1,2,1,100120210,2025-03-19 23:55:31,
20250319_235531,6,2,1,2,100122210,2025-03-19 23:55:31,
20250319_235531,7,1,2,2,100122211,2025-03-19 23:55:31,
20250319_235531,8,2,0,2,102122211,2025-03-19 23:55:31,2
20250319_235531,1,1,0,2,001000000,2025-03-19 23:55:31,
20250319_235531,2,2,0,1,021000000,2025-03-19 23:55:31,
20250319_235531,3,1,2,0,021000100,2025-03-19 23:55:31,
20250319_235531,4,2,1,1,021020100,2025-03-19 23:55:32,
20250319_235531,5,1,1,0,021120100,2025-03-19 23:55:32,
20250319_235531,6,2,2,1,021120120,2025-03-19 23:55:32,2
20250319_235532,1,1,1,0,000100000,2025-03-19 23:55:32,
20250319_235532,2,2,1,1,000120000,2025-03-19 23:55:32,
20250319_235532,3,1,2,2,000120001,2025-03-19 23:55:32,
20250319_235532,4,2,0,1,020120001,2025-03-19 23:55:32,
20250319_235532,5,1,2,1,020120011,2025-03-19 23:55:32,
20250319_235532,6,2,0,2,022120011,2025-03-19 23:55:32,
20250319_235532,7,1,2,0,022120111,2025-03-19 23:55:33,1
20250319_235533,1,1,0,0,100000000,2025-03-19 23:55:33,
20250319_235533,2,2,0,1,120000000,2025-03-19 23:55:33,
20250319_235533,3,1,2,0,120000100,2025-03-19 23:55:33,
20250319_235533,4,2,0,2,122000100,2025-03-19 23:55:33,
20250319_235533,5,1,1,0,122100100,2025-03-19 23:55:33,1
20250319_235533,1,1,0,1,010000000,2025-03-19 23:55:33,
20250319_235533,2,2,1,2,010002000,2025-03-19 23:55:33,
20250319_235533,3,1,2,1,010002010,2025-03-19 23:55:33,
20250319_235533,4,2,0,2,012002010,2025-03-19 23:55:34,
20250319_235533,5,1,2,2,012002011,2025-03-19 23:55:34,
20250319_235533,6,2,0,0,212002011,2025-03-19 23:55:34,
20250319_235533,7,1,2,0,212002111,2025-03-19 23:55:34,1
20250319_235534,1,1,1,0,000100000,2025-03-19 23:55:34,
20250319_235534,2,2,2,2,000100002,2025-03-19 23:55:34,
20250319_235534,3,1,2,1,000100012,2025-03-19 23:55:34,
20250319_235534,4,2,0,0,200100012,2025-03-19 23:55:34,
20250319_235534,5,1,1,1,200110012,2025-03-19 23:55:34,
20250319_235534,6,2,2,0,200110212,2025-03-19 23:55:34,
20250319_235534,7,1,0,2,201110212,2025-03-19 23:55:35,
20250319_235534,8,2,0,1,221110212,2025-03-19 23:55:35,
20250319_235534,9,1,1,2,221111212,2025-03-19 23:55:35,1
20250319_235535,1,1,1,1,000010000,2025-03-19 23:55:35,
20250319_235535,2,2,2,2,000010002,2025-03-19 23:55:35,
20250319_235535,3,1,0,0,100010002,2025-03-19 23:55:35,
20250319_235535,4,2,2,1,100010022,2025-03-19 23:55:35,
20250319_235535,5,1,0,2,101010022,2025-03-19 23:55:35,
20250319_235535,6,2,1,2,101012022,2025-03-19 23:55:35,
20250319_235535,7,1,1,0,101112022,2025-03-19 23:55:35,
20250319_235535,8,2,0,1,121112022,2025-03-19 23:55:36,
20250319_235535,9,1,2,0,121112122,2025-03-19 23:55:36,1
20250319_235536,1,1,2,0,000000100,2025-03-19 23:55:36,
20250319_235536,2,2,0,1,020000100,2025-03-19 23:55:36,
20250319_235536,3,1,1,2,020001100,2025-03-19 23:55:36,
20250319_235536,4,2,0,0,220001100,2025-03-19 23:55:36,
20250319_235536,5,1,2,2,220001101,2025-03-19 23:55:36,
20250319_235536,6,2,0,2,222001101,2025-03-19 23:55:36,2
20250319_235537,1,1,1,2,000001000,2025-03-19 23:55:37,
20250319_235537,2,2,2,1,000001020,2025-03-19 23:55:37,
20250319_235537,3,1,0,2,001001020,2025-03-19 23:55:37,
20250319_235537,4,2,2,0,001001220,2025-03-19 23:55:37,
20250319_235537,5,1,2,2,001001221,2025-03-19 23:55:37,1
20250319_235537,1,1,1,0,000100000,2025-03-19 23:55:37,
20250319_235537,2,2,2,2,000100002,2025-03-19 23:55:37,
20250319_235537,3,1,1,1,000110002,2025-03-19 23:55:37,
20250319_235537,4,2,0,1,020110002,2025-03-19 23:55:37,
20250319_235537,5,1,0,2,021110002,2025-03-19 23:55:38,
20250319_235537,6,2,0,0,221110002,2025-03-19 23:55:38,
20250319_235537,7,1,2,0,221110102,2025-03-19 23:55:38,1
20250319_235538,1,1,2,0,000000100,2025-03-19 23:55:38,
20250319_235538,2,2,2,2,000000102,2025-03-19 23:55:38,
20250319_235538,3,1,1,2,000001102,2025-03-19 23:55:38,
20250319_235538,4,2,2,1,000001122,2025-03-19 23:55:38,
20250319_235538,5,1,1,1,000011122,2025-03-19 23:55:38,
20250319_235538,6,2,0,0,200011122,2025-03-19 23:55:38,
20250319_235538,7,1,1,0,200111122,2025-03-19 23:55:39,1
20250319_235539,1,1,2,1,000000010,2025-03-19 23:55:39,
20250319_235539,2,2,0,2,002000010,2025-03-19 23:55:39,
20250319_235539,3,1,1,0,002100010,2025-03-19 23:55:39,
20250319_235539,4,2,1,1,002120010,2025-03-19 23:55:39,
20250319_235539,5,1,2,0,002120110,2025-03-19 23:55:39,
20250319_235539,6,2,1,2,002122110,2025-03-19 23:55:39,
20250319_235539,7,1,0,0,102122110,2025-03-19 23:55:39,1
20250319_235540,1,1,1,1,000010000,2025-03-19 23:55:40,
20250319_235540,2,2,2,2,000010002,2025-03-19 23:55:40,
20250319_235540,3,1,0,2,001010002,2025-03-19 23:55:40,
20250319_235540,4,2,2,0,001010202,2025-03-19 23:55:40,
20250319_235540,5,1,1,0,001110202,2025-03-19 23:55:40,
20250319_235540,6,2,1,2,001112202,2025-03-19 23:55:40,
20250319_235540,7,1,2,1,001112212,2025-03-19 23:55:41,
20250319_235540,8,2,0,1,021112212,2025-03-19 23:55:41,
20250319_235540,9,1,0,0,121112212,2025-03-19 23:55:41,0
20250319_235541,1,1,2,0,000000100,2025-03-19 23:55:41,
20250319_235541,2,2,1,0,000200100,2025-03-19 23:55:41,
20250319_235541,3,1,0,1,010200100,2025-03-19 23:55:41,
20250319_235541,4,2,1,2,010202100,2025-03-19 23:55:41,
20250319_235541,5,1,1,1,010212100,2025-03-19 23:55:41,
20250319_235541,6,2,2,2,010212102,2025-03-19 23:55:42,
20250319_235541,7,1,0,2,011212102,2025-03-19 23:55:42,1
20250319_235542,1,1,0,1,010000000,2025-03-19 23:55:42,
20250319_235542,2,2,2,1,010000020,2025-03-19 23:55:42,
20250319_235542,3,1,1,2,010001020,2025-03-19 23:55:42,
20250319_235542,4,2,1,1,010021020,2025-03-19 23:55:42,
20250319_235542,5,1,0,0,110021020,2025-03-19 23:55:42,
20250319_235542,6,2,1,0,110221020,2025-03-19 23:55:43,
20250319_235542,7,1,0,2,111221020,2025-03-19 23:55:43,1
20250319_235543,1,1,1,2,000001000,2025-03-19 23:55:43,
20250319_235543,2,2,2,0,000001200,2025-03-19 23:55:43,
20250319_235543,3,1,2,1,000001210,2025-03-19 23:55:43,
20250319_235543,4,2,0,0,200001210,2025-03-19 23:55:43,
20250319_235543,5,1,0,2,201001210,2025-03-19 23:55:43,
20250319_235543,6,2,1,0,201201210,2025-03-19 23:55:43,2
20250319_235544,1,1,2,0,000000100,2025-03-19 23:55:44,
20250319_235544,2,2,1,0,000200100,2025-03-19 23:55:44,
20250319_235544,3,1,0,0,100200100,2025-03-19 23:55:44,
20250319_235544,4,2,2,2,100200102,2025-03-19 23:55:44,
20250319_235544,5,1,1,1,100210102,2025-03-19 23:55:44,
20250319_235544,6,2,2,1,100210122,2025-03-19 23:55:44,
20250319_235544,7,1,0,1,110210122,2025-03-19 23:55:44,
20250319_235544,8,2,0,2,112210122,2025-03-19 23:55:44,
20250319_235544,9,1,1,2,112211122,2025-03-19 23:55:44,0
20250319_235544,1,1,0,1,010000000,2025-03-19 23:55:44,
20250319_235544,2,2,1,2,010002000,2025-03-19 23:55:44,
20250319_235544,3,1,0,2,011002000,2025-03-19 23:55:45,
20250319_235544,4,2,2,2,011002002,2025-03-19 23:55:45,
20250319_235544,5,1,2,0,011002102,2025-03-19 23:55:45,
20250319_235544,6,2,1,0,011202102,2025-03-19 23:55:45,
20250319_235544,7,1,2,1,011202112,2025-03-19 23:55:45,
20250319_235544,8,2,0,0,211202112,2025-03-19 23:55:45,
20250319_235544,9,1,1,1,211212112,2025-03-19 23:55:45,1
20250319_235545,1,1,1,0,000100000,2025-03-19 23:55:45,
20250319_235545,2,2,0,1,020100000,2025-03-19 23:55:45,
20250319_235545,3,1,0,0,120100000,2025-03-19 23:55:46,
20250319_235545,4,2,2,2,120100002,2025-03-19 23:55:46,
20250319_235545,5,1,1,1,120110002,2025-03-19 23:55:46,
20250319_235545,6,2,2,0,120110202,2025-03-19 23:55:46,
20250319_235545,7,1,0,2,121110202,2025-03-19 23:55:46,
20250319_235545,8,2,1,2,121112202,2025-03-19 23:55:46,
20250319_235545,9,1,2,1,121112212,2025-03-19 23:55:46,0
20250319_235546,1,1,2,2,000000001,2025-03-19 23:55:46,
20250319_235546,2,2,2,0,000000201,2025-03-19 23:55:46,
20250319_235546,3,1,1,0,000100201,2025-03-19 23:55:46,
20250319_235546,4,2,0,2,002100201,2025-03-19 23:55:47,
20250319_235546,5,1,1,1,002110201,2025-03-19 23:55:47,
20250319_235546,6,2,2,1,002110221,2025-03-19 23:55:47,
20250319_235546,7,1,1,2,002111221,2025-03-19 23:55:47,1
20250319_235547,1,1,2,1,000000010,2025-03-19 23:55:47,
20250319_235547,2,2,0,0,200000010,2025-03-19 23:55:47,
20250319_235547,3,1,0,2,201000010,2025-03-19 23:55:47,
20250319_235547,4,2,1,2,201002010,2025-03-19 23:55:47,
20250319_235547,5,1,0,1,211002010,2025-03-19 23:55:48,
20250319_235547,6,2,1,0,211202010,2025-03-19 23:55:48,
20250319_235547,7,1,2,2,211202011,2025-03-19 23:55:48,
20250319_235547,8,2,2,0,211202211,2025-03-19 23:55:48,2
20250319_235548,1,1,0,1,010000000,2025-03-19 23:55:48,
20250319_235548,2,2,0,2,012000000,2025-03-19 23:55:48,
20250319_235548,3,1,2,1,012000010,2025-03-19 23:55:48,
20250319_235548,4,2,1,0,012200010,2025-03-19 23:55:48,
20250319_235548,5,1,2,0,012200110,2025-03-19 23:55:48,
20250319_235548,6,2,0,0,212200110,2025-03-19 23:55:48,
20250319_235548,7,1,2,2,212200111,2025-03-19 23:55:49,1
20250319_235549,1,1,0,2,001000000,2025-03-19 23:55:49,
20250319_235549,2,2,0,0,201000000,2025-03-19 23:55:49,
20250319_235549,3,1,2,0,201000100,2025-03-19 23:55:49,
20250319_235549,4,2,1,0,201200100,2025-03-19 23:55:49,
20250319_235549,5,1,1,1,201210100,2025-03-19 23:55:49,1
20250319_235549,1,1,1,1,000010000,2025-03-19 23:55:49,
20250319_235549,2,2,0,0,200010000,2025-03-19 23:55:49,
20250319_235549,3,1,0,1,210010000,2025-03-19 23:55:49,
20250319_235549,4,2,1,0,210210000,2025-03-19 23:55:49,
20250319_235549,5,1,2,1,210210010,2025-03-19 23:55:50,1
20250319_235550,1,1,2,0,000000100,2025-03-19 23:55:50,
20250319_235550,2,2,2,2,000000102,2025-03-19 23:55:50,
20250319_235550,3,1,1,1,000010102,2025-03-19 23:55:50,
20250319_235550,4,2,0,2,002010102,2025-03-19 23:55:50,
20250319_235550,5,1,1,2,002011102,2025-03-19 23:55:50,
20250319_235550,6,2,0,0,202011102,2025-03-19 23:55:50,
20250319_235550,7,1,1,0,202111102,2025-03-19 23:55:50,1
20250319_235551,1,1,1,0,000100000,2025-03-19 23:55:51,
20250319_235551,2,2,1,2,000102000,2025-03-19 23:55:51,
20250319_235551,3,1,2,2,000102001,2025-03-19 23:55:51,
20250319_235551,4,2,0,0,200102001,2025-03-19 23:55:51,
20250319_235551,5,1,0,2,201102001,2025-03-19 23:55:51,
20250319_235551,6,2,2,0,201102201,2025-03-19 23:55:51,
20250319_235551,7,1,1,1,201112201,2025-03-19 23:55:51,
20250319_235551,8,2,2,1,201112221,2025-03-19 23:55:51,
20250319_235551,9,1,0,1,211112221,2025-03-19 23:55:51,0
20250319_235552,1,1,1,0,000100000,2025-03-19 23:55:52,
20250319_235552,2,2,0,1,020100000,2025-03-19 23:55:52,
20250319_235552,3,1,1,2,020101000,2025-03-19 23:55:52,
20250319_235552,4,2,2,0,020101200,2025-03-19 23:55:52,
20250319_235552,5,1,2,2,020101201,2025-03-19 23:55:52,
20250319_235552,6,2,2,1,020101221,2025-03-19 23:55:52,
20250319_235552,7,1,1,1,020111221,2025-03-19 23:55:52,1
20250319_235552,1,1,2,1,000000010,2025-03-19 23:55:52,
20250319_235552,2,2,1,0,000200010,2025-03-19 23:55:52,
20250319_235552,3,1,2,2,000200011,2025-03-19 23:55:52,
20250319_235552,4,2,0,2,002200011,2025-03-19 23:55:52,
20250319_235552,5,1,2,0,002200111,2025-03-19 23:55:53,1
20250319_235553,1,1,1,1,000010000,2025-03-19 23:55:53,
20250319_235553,2,2,2,0,000010200,2025-03-19 23:55:53,
20250319_235553,3,1,0,2,001010200,2025-03-19 23:55:53,
20250319_235553,4,2,2,2,001010202,2025-03-19 23:55:53,
20250319_235553,5,1,0,1,011010202,2025-03-19 23:55:53,
20250319_235553,6,2,1,2,011012202,2025-03-19 23:55:53,
20250319_235553,7,1,1,0,011112202,2025-03-19 23:55:53,
20250319_235553,8,2,0,0,211112202,2025-03-19 23:55:54,
20250319_235553,9,1,2,1,211112212,2025-03-19 23:55:54,1
20250319_235554,1,1,0,0,100000000,2025-03-19 23:55:54,
20250319_235554,2,2,0,1,120000000,2025-03-19 23:55:54,
20250319_235554,3,1,1,1,120010000,2025-03-19 23:55:54,
20250319_235554,4,2,2,1,120010020,2025-03-19 23:55:54,
20250319_235554,5,1,0,2,121010020,2025-03-19 23:55:54,
20250319_235554,6,2,2,2,121010022,2025-03-19 23:55:54,
20250319_235554,7,1,2,0,121010122,2025-03-19 23:55:54,1
20250319_235555,1,1,1,2,000001000,2025-03-19 23:55:55,
20250319_235555,2,2,2,0,000001200,2025-03-19 23:55:55,
20250319_235555,3,1,2,2,000001201,2025-03-19 23:55:55,
20250319_235555,4,2,1,0,000201201,2025-03-19 23:55:55,
20250319_235555,5,1,0,2,001201201,2025-03-19 23:55:55,1
20250319_235555,1,1,2,2,000000001,2025-03-19 23:55:55,
20250319_235555,2,2,1,2,000002001,2025-03-19 23:55:55,
20250319_235555,3,1,0,2,001002001,2025-03-19 23:55:55,
20250319_235555,4,2,2,1,001002021,2025-03-19 23:55:55,
20250319_235555,5,1,0,0,101002021,2025-03-19 23:55:55,
20250319_235555,6,2,1,0,101202021,2025-03-19 23:55:56,
20250319_235555,7,1,2,0,101202121,2025-03-19 23:55:56,
20250319_235555,8,2,1,1,101222121,2025-03-19 23:55:56,2
20250319_235556,1,1,1,1,000010000,2025-03-19 23:55:56,
20250319_235556,2,2,1,2,000012000,2025-03-19 23:55:56,
20250319_235556,3,1,2,1,000012010,2025-03-19 23:55:56,
20250319_235556,4,2,1,0,000212010,2025-03-19 23:55:56,
20250319_235556,5,1,2,0,000212110,2025-03-19 23:55:56,
20250319_235556,6,2,0,0,200212110,2025-03-19 23:55:56,
20250319_235556,7,1,2,2,200212111,2025-03-19 23:55:56,1
20250319_235557,1,1,0,0,100000000,2025-03-19 23:55:57,
20250319_235557,2,2,2,2,100000002,2025-03-19 23:55:57,
20250319_235557,3,1,0,2,101000002,2025-03-19 23:55:57,
20250319_235557,4,2,1,1,101020002,2025-03-19 23:55:57,
20250319_235557,5,1,2,1,101020012,2025-03-19 23:55:57,
20250319_235557,6,2,1,0,101220012,2025-03-19 23:55:57,
20250319_235557,7,1,1,2,101221012,2025-03-19 23:55:57,
20250319_235557,8,2,0,1,121221012,2025-03-19 23:55:57,
20250319_235557,9,1,2,0,121221112,2025-03-19 23:55:57,0
20250319_235558,1,1,2,1,000000010,2025-03-19 23:55:58,
20250319_235558,2,2,0,2,002000010,2025-03-19 23:55:58,
20250319_235558,3,1,1,2,002001010,2025-03-19 23:55:58,
20250319_235558,4,2,0,1,022001010,2025-03-19 23:55:58,
20250319_235558,5,1,1,0,022101010,2025-03-19 23:55:58,
20250319_235558,6,2,1,1,022121010,2025-03-19 23:55:58,
20250319_235558,7,1,0,0,122121010,2025-03-19 23:55:58,
20250319_235558,8,2,2,0,122121210,2025-03-19 23:55:58,2
20250319_235559,1,1,0,2,001000000,2025-03-19 23:55:59,
20250319_235559,2,2,2,2,001000002,2025-03-19 23:55:59,
20250319_235559,3,1,1,1,001010002,2025-03-19 23:55:59,
20250319_235559,4,2,0,1,021010002,2025-03-19 23:55:59,
20250319_235559,5,1,2,0,021010102,2025-03-19 23:55:59,1
20250319_235559,1,1,2,1,000000010,2025-03-19 23:55:59,
20250319_235559,2,2,0,1,020000010,2025-03-19 23:55:59,
20250319_235559,3,1,2,0,020000110,2025-03-19 23:55:59,
20250319_235559,4,2,1,2,020002110,2025-03-19 23:55:59,
20250319_235559,5,1,0,2,021002110,2025-03-19 23:56:00,
20250319_235559,6,2,0,0,221002110,2025-03-19 23:56:00,
20250319_235559,7,1,1,0,221102110,2025-03-19 23:56:00,
20250319_235559,8,2,2,2,221102112,2025-03-19 23:56:00,
20250319_235559,9,1,1,1,221112112,2025-03-19 23:56:00,1
20250319_235600,1,1,2,1,000000010,2025-03-19 23:56:00,
20250319_235600,2,2,1,2,000002010,2025-03-19 23:56:00,
20250319_235600,3,1,2,0,000002110,2025-03-19 23:56:00,
20250319_235600,4,2,1,1,000022110,2025-03-19 23:56:00,
20250319_235600,5,1,0,2,001022110,2025-03-19 23:56:01,
20250319_235600,6,2,1,0,001222110,2025-03-19 23:56:01,2
20250319_235601,1,1,0,0,100000000,2025-03-19 23:56:01,
20250319_235601,2,2,1,2,100002000,2025-03-19 23:56:01,
20250319_235601,3,1,0,2,101002000,2025-03-19 23:56:01,
20250319_235601,4,2,1,0,101202000,2025-03-19 23:56:01,
20250319_235601,5,1,1,1,101212000,2025-03-19 23:56:01,
20250319_235601,6,2,2,0,101212200,2025-03-19 23:56:01,
20250319_235601,7,1,2,1,101212210,2025-03-19 23:56:01,
20250319_235601,8,2,0,1,121212210,2025-03-19 23:56:02,
20250319_235601,9,1,2,2,121212211,2025-03-19 23:56:02,1
20250319_235602,1,1,2,2,000000001,2025-03-19 23:56:02,
20250319_235602,2,2,1,0,000200001,2025-03-19 23:56:02,
20250319_235602,3,1,0,2,001200001,2025-03-19 23:56:02,
20250319_235602,4,2,2,1,001200021,2025-03-19 23:56:02,
20250319_235602,5,1,0,1,011200021,2025-03-19 23:56:02,
20250319_235602,6,2,1,2,011202021,2025-03-19 23:56:02,
20250319_235602,7,1,0,0,111202021,2025-03-19 23:56:02,1
20250319_235603,1,1,2,0,000000100,2025-03-19 23:56:03,
20250319_235603,2,2,2,1,000000120,2025-03-19 23:56:03,
20250319_235603,3,1,1,1,000010120,2025-03-19 23:56:03,
20250319_235603,4,2,1,0,000210120,2025-03-19 23:56:03,
20250319_235603,5,1,2,2,000210121,2025-03-19 23:56:03,
20250319_235603,6,2,1,2,000212121,2025-03-19 23:56:03,
20250319_235603,7,1,0,2,001212121,2025-03-19 23:56:03,1
20250319_235603,1,1,0,1,010000000,2025-03-19 23:56:03,
20250319_235603,2,2,2,2,010000002,2025-03-19 23:56:03,
20250319_235603,3,1,1,0,010100002,2025-03-19 23:56:03,
20250319_235603,4,2,1,2,010102002,2025-03-19 23:56:04,
20250319_235603,5,1,2,0,010102102,2025-03-19 23:56:04,
20250319_235603,6,2,0,2,012102102,2025-03-19 23:56:04,2
20250319_235604,1,1,0,0,100000000,2025-03-19 23:56:04,
20250319_235604,2,2,2,0,100000200,2025-03-19 23:56:04,
20250319_235604,3,1,2,1,100000210,2025-03-19 23:56:04,
20250319_235604,4,2,1,1,100020210,2025-03-19 23:56:04,
20250319_235604,5,1,0,1,110020210,2025-03-19 23:56:05,
20250319_235604,6,2,1,2,110022210,2025-03-19 23:56:05,
20250319_235604,7,1,2,2,110022211,2025-03-19 23:56:05,
20250319_235604,8,2,0,2,112022211,2025-03-19 23:56:05,2
20250319_235605,1,1,0,1,010000000,2025-03-19 23:56:05,
20250319_235605,2,2,0,0,210000000,2025-03-19 23:56:05,
20250319_235605,3,1,2,1,210000010,2025-03-19 23:56:05,
20250319_235605,4,2,2,0,210000210,2025-03-19 23:56:05,
20250319_235605,5,1,2,2,210000211,2025-03-19 23:56:05,
20250319_235605,6,2,1,1,210020211,2025-03-19 23:56:05,
20250319_235605,7,1,0,2,211020211,2025-03-19 23:56:06,
20250319_235605,8,2,1,2,211022211,2025-03-19 23:56:06,
20250319_235605,9,1,1,0,211122211,2025-03-19 23:56:06,0
20250319_235606,1,1,2,0,000000100,2025-03-19 23:56:06,
20250319_235606,2,2,0,1,020000100,2025-03-19 23:56:06,
20250319_235606,3,1,1,2,020001100,2025-03-19 23:56:06,
20250319_235606,4,2,1,1,020021100,2025-03-19 23:56:06,
20250319_235606,5,1,0,0,120021100,2025-03-19 23:56:06,
20250319_235606,6,2,2,2,120021102,2025-03-19 23:56:06,
20250319_235606,7,1,1,0,120121102,2025-03-19 23:56:07,1
20250319_235607,1,1,2,2,000000001,2025-03-19 23:56:07,
20250319_235607,2,2,0,0,200000001,2025-03-19 23:56:07,
20250319_235607,3,1,1,0,200100001,2025-03-19 23:56:07,
20250319_235607,4,2,1,2,200102001,2025-03-19 23:56:07,
20250319_235607,5,1,0,2,201102001,2025-03-19 23:56:07,
20250319_235607,6,2,0,1,221102001,2025-03-19 23:56:07,
20250319_235607,7,1,1,1,221112001,2025-03-19 23:56:07,
20250319_235607,8,2,2,1,221112021,2025-03-19 23:56:07,
20250319_235607,9,1,2,0,221112121,2025-03-19 23:56:07,1
20250319_235608,1,1,0,2,001000000,2025-03-19 23:56:08,
20250319_235608,2,2,0,0,201000000,2025-03-19 23:56:08,
20250319_235608,3,1,1,1,201010000,2025-03-19 23:56:08,
20250319_235608,4,2,0,1,221010000,2025-03-19 23:56:08,
20250319_235608,5,1,1,2,221011000,2025-03-19 23:56:08,
20250319_235608,6,2,2,0,221011200,2025-03-19 23:56:08,
20250319_235608,7,1,2,1,221011210,2025-03-19 23:56:08,
20250319_235608,8,2,1,0,221211210,2025-03-19 23:56:08,2
20250319_235609,1,1,0,0,100000000,2025-03-19 23:56:09,
20250319_235609,2,2,1,0,100200000,2025-03-19 23:56:09,
20250319_235609,3,1,2,1,100200010,2025-03-19 23:56:09,
20250319_235609,4,2,2,0,100200210,2025-03-19 23:56:09,
20250319_235609,5,1,0,1,110200210,2025-03-19 23:56:09,
20250319_235609,6,2,1,1,110220210,2025-03-19 23:56:09,
20250319_235609,7,1,2,2,110220211,2025-03-19 23:56:09,
20250319_235609,8,2,1,2,110222211,2025-03-19 23:56:09,2
20250319_235609,1,1,1,2,000001000,2025-03-19 23:56:09,
20250319_235609,2,2,2,2,000001002,2025-03-19 23:56:09,
20250319_235609,3,1,1,1,000011002,2025-03-19 23:56:09,
20250319_235609,4,2,1,0,000211002,2025-03-19 23:56:10,
20250319_235609,5,1,2,0,000211102,2025-03-19 23:56:10,
20250319_235609,6,2,0,2,002211102,2025-03-19 23:56:10,
20250319_235609,7,1,0,1,012211102,2025-03-19 23:56:10,
20250319_235609,8,2,2,1,012211122,2025-03-19 23:56:10,
20250319_235609,9,1,0,0,112211122,2025-03-19 23:56:10,0
20250319_235610,1,1,0,2,001000000,2025-03-19 23:56:10,
20250319_235610,2,2,1,2,001002000,2025-03-19 23:56:10,
20250319_235610,3,1,1,0,001102000,2025-03-19 23:56:10,
20250319_235610,4,2,0,0,201102000,2025-03-19 23:56:11,
20250319_235610,5,1,2,0,201102100,2025-03-19 23:56:11,
20250319_235610,6,2,0,1,221102100,2025-03-19 23:56:11,
20250319_235610,7,1,1,1,221112100,2025-03-19 23:56:11,1
20250319_235611,1,1,0,0,100000000,2025-03-19 23:56:11,
20250319_235611,2,2,0,1,120000000,2025-03-19 23:56:11,
20250319_235611,3,1,1,2,120001000,2025-03-19 23:56:11,
20250319_235611,4,2,0,2,122001000,2025-03-19 23:56:11,
20250319_235611,5,1,2,2,122001001,2025-03-19 23:56:11,
20250319_235611,6,2,1,1,122021001,2025-03-19 23:56:11,
20250319_235611,7,1,2,1,122021011,2025-03-19 23:56:12,
20250319_235611,8,2,2,0,122021211,2025-03-19 23:56:12,2
20250319_235612,1,1,2,0,000000100,2025-03-19 23:56:12,
20250319_235612,2,2,2,1,000000120,2025-03-19 23:56:12,
20250319_235612,3,1,1,2,000001120,2025-03-19 23:56:12,
20250319_235612,4,2,2,2,000001122,2025-03-19 23:56:12,
20250319_235612,5,1,0,2,001001122,2025-03-19 23:56:12,
20250319_235612,6,2,0,0,201001122,2025-03-19 23:56:12,
20250319_235612,7,1,1,1,201011122,2025-03-19 23:56:12,1
20250319_235613,1,1,0,0,100000000,2025-03-19 23:56:13,
20250319_235613,2,2,2,0,100000200,2025-03-19 23:56:13,
20250319_235613,3,1,0,1,110000200,2025-03-19 23:56:13,
20250319_235613,4,2,1,1,110020200,2025-03-19 23:56:13,
20250319_235613,5,1,1,2,110021200,2025-03-19 23:56:13,
20250319_235613,6,2,1,0,110221200,2025-03-19 23:56:13,
20250319_235613,7,1,2,2,110221201,2025-03-19 23:56:13,
20250319_235613,8,2,0,2,112221201,2025-03-19 23:56:13,2
20250319_235613,1,1,1,2,000001000,2025-03-19 23:56:13,
20250319_235613,2,2,1,0,000201000,2025-03-19 23:56:13,
20250319_235613,3,1,0,0,100201000,2025-03-19 23:56:14,
20250319_235613,4,2,1,1,100221000,2025-03-19 23:56:14,
20250319_235613,5,1,0,2,101221000,2025-03-19 23:56:14,
20250319_235613,6,2,0,1,121221000,2025-03-19 23:56:14,
20250319_235613,7,1,2,0,121221100,2025-03-19 23:56:14,
20250319_235613,8,2,2,1,121221120,2025-03-19 23:56:14,2
20250319_235614,1,1,2,0,000000100,2025-03-19 23:56:14,
20250319_235614,2,2,0,0,200000100,2025-03-19 23:56:14,
20250319_235614,3,1,1,1,200010100,2025-03-19 23:56:14,
20250319_235614,4,2,0,2,202010100,2025-03-19 23:56:15,
20250319_235614,5,1,2,1,202010110,2025-03-19 23:56:15,
20250319_235614,6,2,1,0,202210110,2025-03-19 23:56:15,
20250319_235614,7,1,0,1,212210110,2025-03-19 23:56:15,1
20250319_235615,1,1,0,0,100000000,2025-03-19 23:56:15,
20250319_235615,2,2,2,2,100000002,2025-03-19 23:56:15,
20250319_235615,3,1,2,1,100000012,2025-03-19 23:56:15,
20250319_235615,4,2,1,2,100002012,2025-03-19 23:56:15,
20250319_235615,5,1,0,1,110002012,2025-03-19 23:56:15,
20250319_235615,6,2,1,1,110022012,2025-03-19 23:56:16,
20250319_235615,7,1,2,0,110022112,2025-03-19 23:56:16,
20250319_235615,8,2,0,2,112022112,2025-03-19 23:56:16,2
20250319_235616,1,1,0,2,001000000,2025-03-19 23:56:16,
20250319_235616,2,2,1,0,001200000,2025-03-19 23:56:16,
20250319_235616,3,1,0,0,101200000,2025-03-19 23:56:16,
20250319_235616,4,2,2,2,101200002,2025-03-19 23:56:16,
20250319_235616,5,1,1,2,101201002,2025-03-19 23:56:16,
20250319_235616,6,2,2,0,101201202,2025-03-19 23:56:16,
20250319_235616,7,1,2,1,101201212,2025-03-19 23:56:16,
20250319_235616,8,2,0,1,121201212,2025-03-19 23:56:17,
20250319_235616,9,1,1,1,121211212,2025-03-19 23:56:17,0
20250319_235617,1,1,0,2,001000000,2025-03-19 23:56:17,
20250319_235617,2,2,2,0,001000200,2025-03-19 23:56:17,
20250319_235617,3,1,1,1,001010200,2025-03-19 23:56:17,
20250319_235617,4,2,2,1,001010220,2025-03-19 23:56:17,
20250319_235617,5,1,0,0,101010220,2025-03-19 23:56:17,
20250319_235617,6,2,1,0,101210220,2025-03-19 23:56:17,
20250319_235617,7,1,1,2,101211220,2025-03-19 23:56:17,
20250319_235617,8,2,2,2,101211222,2025-03-19 23:56:17,2
20250319_235618,1,1,0,1,010000000,2025-03-19 23:56:18,
20250319_235618,2,2,2,1,010000020,2025-03-19 23:56:18,
20250319_235618,3,1,2,0,010000120,2025-03-19 23:56:18,
20250319_235618,4,2,0,2,012000120,2025-03-19 23:56:18,
20250319_235618,5,1,1,0,012100120,2025-03-19 23:56:18,
20250319_235618,6,2,2,2,012100122,2025-03-19 23:56:18,
20250319_235618,7,1,0,0,112100122,2025-03-19 23:56:18,1
20250319_235619,1,1,0,2,001000000,2025-03-19 23:56:19,
20250319_235619,2,2,2,0,001000200,2025-03-19 23:56:19,
20250319_235619,3,1,2,2,001000201,2025-03-19 23:56:19,
20250319_235619,4,2,2,1,001000221,2025-03-19 23:56:19,
20250319_235619,5,1,0,0,101000221,2025-03-19 23:56:19,
20250319_235619,6,2,1,1,101020221,2025-03-19 23:56:19,
20250319_235619,7,1,0,1,111020221,2025-03-19 23:56:19,1
20250319_235619,1,1,0,0,100000000,2025-03-19 23:56:19,
20250319_235619,2,2,2,2,100000002,2025-03-19 23:56:19,
20250319_235619,3,1,2,1,100000012,2025-03-19 23:56:19,
20250319_235619,4,2,1,2,100002012,2025-03-19 23:56:19,
20250319_235619,5,1,0,2,101002012,2025-03-19 23:56:20,
20250319_235619,6,2,2,0,101002212,2025-03-19 23:56:20,
20250319_235619,7,1,1,0,101102212,2025-03-19 23:56:20,
20250319_235619,8,2,1,1,101122212,2025-03-19 23:56:20,
20250319_235619,9,1,0,1,111122212,2025-03-19 23:56:20,1
20250319_235620,1,1,0,0,100000000,2025-03-19 23:56:20,
20250319_235620,2,2,2,2,100000002,2025-03-19 23:56:20,
20250319_235620,3,1,1,1,100010002,2025-03-19 23:56:20,
20250319_235620,4,2,0,1,120010002,2025-03-19 23:56:20,
20250319_235620,5,1,1,0,120110002,2025-03-19 23:56:21,
20250319_235620,6,2,2,0,120110202,2025-03-19 23:56:21,
20250319_235620,7,1,2,1,120110212,2025-03-19 23:56:21,
20250319_235620,8,2,1,2,120112212,2025-03-19 23:56:21,
20250319_235620,9,1,0,2,121112212,2025-03-19 23:56:21,0
20250319_235621,1,1,0,2,001000000,2025-03-19 23:56:21,
20250319_235621,2,2,1,1,001020000,2025-03-19 23:56:21,
20250319_235621,3,1,2,2,001020001,2025-03-19 23:56:21,
20250319_235621,4,2,0,1,021020001,2025-03-19 23:56:22,
20250319_235621,5,1,2,0,021020101,2025-03-19 23:56:22,
20250319_235621,6,2,1,0,021220101,2025-03-19 23:56:22,
20250319_235621,7,1,2,1,021220111,2025-03-19 23:56:22,1
20250319_235622,1,1,2,0,000000100,2025-03-19 23:56:22,
20250319_235622,2,2,2,1,000000120,2025-03-19 23:56:22,
20250319_235622,3,1,2,2,000000121,2025-03-19 23:56:22,
20250319_235622,4,2,1,2,000002121,2025-03-19 23:56:22,
20250319_235622,5,1,0,1,010002121,2025-03-19 23:56:22,
20250319_235622,6,2,1,0,010202121,2025-03-19 23:56:22,
20250319_235622,7,1,0,2,011202121,2025-03-19 23:56:22,
20250319_235622,8,2,0,0,211202121,2025-03-19 23:56:23,
20250319_235622,9,1,1,1,211212121,2025-03-19 23:56:23,1
20250319_235623,1,1,2,2,000000001,2025-03-19 23:56:23,
20250319_235623,2,2,2,1,000000021,2025-03-19 23:56:23,
20250319_235623,3,1,0,0,100000021,2025-03-19 23:56:23,
20250319_235623,4,2,0,1,120000021,2025-03-19 23:56:23,
20250319_235623,5,1,1,2,120001021,2025-03-19 23:56:23,
20250319_235623,6,2,0,2,122001021,2025-03-19 23:56:23,
20250319_235623,7,1,1,0,122101021,2025-03-19 23:56:23,
20250319_235623,8,2,1,1,122121021,2025-03-19 23:56:24,2
20250319_235624,1,1,0,1,010000000,2025-03-19 23:56:24,
20250319_235624,2,2,0,0,210000000,2025-03-19 23:56:24,
20250319_235624,3,1,2,1,210000010,2025-03-19 23:56:24,
20250319_235624,4,2,1,1,210020010,2025-03-19 23:56:24,
20250319_235624,5,1,2,2,210020011,2025-03-19 23:56:24,
20250319_235624,6,2,0,2,212020011,2025-03-19 23:56:24,
20250319_235624,7,1,2,0,212020111,2025-03-19 23:56:24,1
20250319_235625,1,1,1,0,000100000,2025-03-19 23:56:25,
20250319_235625,2,2,0,1,020100000,2025-03-19 23:56:25,
20250319_235625,3,1,2,1,020100010,2025-03-19 23:56:25,
20250319_235625,4,2,0,0,220100010,2025-03-19 23:56:25,
20250319_235625,5,1,1,2,220101010,2025-03-19 23:56:25,
20250319_235625,6,2,1,1,220121010,2025-03-19 23:56:25,
20250319_235625,7,1,2,0,220121110,2025-03-19 23:56:25,
20250319_235625,8,2,0,2,222121110,2025-03-19 23:56:25,2
20250319_235625,1,1,1,2,000001000,2025-03-19 23:56:25,
20250319_235625,2,2,2,1,000001020,2025-03-19 23:56:25,
20250319_235625,3,1,0,0,100001020,2025-03-19 23:56:26,
20250319_235625,4,2,2,0,100001220,2025-03-19 23:56:26,
20250319_235625,5,1,1,1,100011220,2025-03-19 23:56:26,
20250319_235625,6,2,1,0,100211220,2025-03-19 23:56:26,
20250319_235625,7,1,0,1,110211220,2025-03-19 23:56:26,
20250319_235625,8,2,0,2,112211220,2025-03-19 23:56:26,
20250319_235625,9,1,2,2,112211221,2025-03-19 23:56:26,1
20250319_235626,1,1,2,1,000000010,2025-03-19 23:56:26,
20250319_235626,2,2,1,2,000002010,2025-03-19 23:56:26,
20250319_235626,3,1,2,2,000002011,2025-03-19 23:56:27,
20250319_235626,4,2,0,2,002002011,2025-03-19 23:56:27,
20250319_235626,5,1,0,1,012002011,2025-03-19 23:56:27,
20250319_235626,6,2,1,0,012202011,2025-03-19 23:56:27,
20250319_235626,7,1,0,0,112202011,2025-03-19 23:56:27,
20250319_235626,8,2,1,1,112222011,2025-03-19 23:56:27,2
20250319_235627,1,1,1,1,000010000,2025-03-19 23:56:27,
20250319_235627,2,2,0,0,200010000,2025-03-19 23:56:28,
20250319_235627,3,1,0,1,210010000,2025-03-19 23:56:28,
20250319_235627,4,2,2,0,210010200,2025-03-19 23:56:28,
20250319_235627,5,1,2,2,210010201,2025-03-19 23:56:28,
20250319_235627,6,2,1,0,210210201,2025-03-19 23:56:28,2
20250319_235628,1,1,2,2,000000001,2025-03-19 23:56:28,
20250319_235628,2,2,0,2,002000001,2025-03-19 23:56:28,
20250319_235628,3,1,2,1,002000011,2025-03-19 23:56:28,
20250319_235628,4,2,1,0,002200011,2025-03-19 23:56:28,
20250319_235628,5,1,0,0,102200011,2025-03-19 23:56:28,
20250319_235628,6,2,2,0,102200211,2025-03-19 23:56:29,
20250319_235628,7,1,0,1,112200211,2025-03-19 23:56:29,
20250319_235628,8,2,1,2,112202211,2025-03-19 23:56:29,
20250319_235628,9,1,1,1,112212211,2025-03-19 23:56:29,1
20250319_235629,1,1,1,1,000010000,2025-03-19 23:56:29,
20250319_235629,2,2,0,0,200010000,2025-03-19 23:56:29,
20250319_235629,3,1,2,1,200010010,2025-03-19 23:56:29,
20250319_235629,4,2,1,0,200210010,2025-03-19 23:56:29,
20250319_235629,5,1,0,1,210210010,2025-03-19 23:56:29,1
20250319_235630,1,1,1,2,000001000,2025-03-19 23:56:30,
20250319_235630,2,2,2,2,000001002,2025-03-19 23:56:30,
20250319_235630,3,1,0,1,010001002,2025-03-19 23:56:30,
20250319_235630,4,2,1,0,010201002,2025-03-19 23:56:30,
20250319_235630,5,1,2,1,010201012,2025-03-19 23:56:30,
20250319_235630,6,2,1,1,010221012,2025-03-19 23:56:30,
20250319_235630,7,1,0,0,110221012,2025-03-19 23:56:30,
20250319_235630,8,2,2,0,110221212,2025-03-19 23:56:30,
20250319_235630,9,1,0,2,111221212,2025-03-19 23:56:30,1
20250319_235631,1,1,0,2,001000000,2025-03-19 23:56:31,
20250319_235631,2,2,2,0,001000200,2025-03-19 23:56:31,
20250319_235631,3,1,1,1,001010200,2025-03-19 23:56:31,
20250319_235631,4,2,0,0,201010200,2025-03-19 23:56:31,
20250319_235631,5,1,0,1,211010200,2025-03-19 23:56:31,
20250319_235631,6,2,1,0,211210200,2025-03-19 23:56:31,2
20250319_235631,1,1,0,1,010000000,2025-03-19 23:56:31,
20250319_235631,2,2,1,0,010200000,2025-03-19 23:56:31,
20250319_235631,3,1,1,2,010201000,2025-03-19 23:56:31,
20250319_235631,4,2,1,1,010221000,2025-03-19 23:56:31,
20250319_235631,5,1,2,0,010221100,2025-03-19 23:56:32,
20250319_235631,6,2,2,1,010221120,2025-03-19 23:56:32,
20250319_235631,7,1,0,0,110221120,2025-03-19 23:56:32,
20250319_235631,8,2,2,2,110221122,2025-03-19 23:56:32,
20250319_235631,9,1,0,2,111221122,2025-03-19 23:56:32,1
20250319_235632,1,1,0,2,001000000,2025-03-19 23:56:32,
20250319_235632,2,2,0,0,201000000,2025-03-19 23:56:32,
20250319_235632,3,1,1,2,201001000,2025-03-19 23:56:32,
20250319_235632,4,2,1,1,201021000,2025-03-19 23:56:32,
20250319_235632,5,1,2,1,201021010,2025-03-19 23:56:33,
20250319_235632,6,2,1,0,201221010,2025-03-19 23:56:33,
20250319_235632,7,1,2,0,201221110,2025-03-19 23:56:33,
20250319_235632,8,2,0,1,221221110,2025-03-19 23:56:33,
20250319_235632,9,1,2,2,221221111,2025-03-19 23:56:33,1
20250319_235633,1,1,1,0,000100000,2025-03-19 23:56:33,
20250319_235633,2,2,2,1,000100020,2025-03-19 23:56:33,
20250319_235633,3,1,0,2,001100020,2025-03-19 23:56:33,
20250319_235633,4,2,2,0,001100220,2025-03-19 23:56:33,
20250319_235633,5,1,1,2,001101220,2025-03-19 23:56:33,
20250319_235633,6,2,1,1,001121220,2025-03-19 23:56:34,
20250319_235633,7,1,0,0,101121220,2025-03-19 23:56:34,
20250319_235633,8,2,0,1,121121220,2025-03-19 23:56:34,2
20250319_235634,1,1,0,0,100000000,2025-03-19 23:56:34,
20250319_235634,2,2,1,2,100002000,2025-03-19 23:56:34,
20250319_235634,3,1,0,1,110002000,2025-03-19 23:56:34,
20250319_235634,4,2,2,0,110002200,2025-03-19 23:56:34,
20250319_235634,5,1,2,2,110002201,2025-03-19 23:56:34,
20250319_235634,6,2,1,0,110202201,2025-03-19 23:56:34,
20250319_235634,7,1,0,2,111202201,2025-03-19 23:56:35,1
20250319_235635,1,1,2,0,000000100,2025-03-19 23:56:35,
20250319_235635,2,2,2,1,000000120,2025-03-19 23:56:35,
20250319_235635,3,1,1,2,000001120,2025-03-19 23:56:35,
20250319_235635,4,2,0,1,020001120,2025-03-19 23:56:35,
20250319_235635,5,1,0,2,021001120,2025-03-19 23:56:35,
20250319_235635,6,2,1,1,021021120,2025-03-19 23:56:35,2
20250319_235635,1,1,2,2,000000001,2025-03-19 23:56:35,
20250319_235635,2,2,1,1,000020001,2025-03-19 23:56:36,
20250319_235635,3,1,0,0,100020001,2025-03-19 23:56:36,
20250319_235635,4,2,2,0,100020201,2025-03-19 23:56:37,
20250319_235635,5,1,1,2,100021201,2025-03-19 23:56:37,
20250319_235635,6,2,1,0,100221201,2025-03-19 23:56:37,
20250319_235635,7,1,2,1,100221211,2025-03-19 23:56:37,
20250319_235635,8,2,0,1,120221211,2025-03-19 23:56:37,
20250319_235635,9,1,0,2,121221211,2025-03-19 23:56:37,1
20250319_235637,1,1,0,1,010000000,2025-03-19 23:56:37,
20250319_235637,2,2,2,2,010000002,2025-03-19 23:56:37,
20250319_235637,3,1,1,1,010010002,2025-03-19 23:56:37,
20250319_235637,4,2,0,0,210010002,2025-03-19 23:56:37,
20250319_235637,5,1,1,2,210011002,2025-03-19 23:56:38,
20250319_235637,6,2,0,2,212011002,2025-03-19 23:56:38,
20250319_235637,7,1,2,0,212011102,2025-03-19 23:56:38,
20250319_235637,8,2,2,1,212011122,2025-03-19 23:56:38,
20250319_235637,9,1,1,0,212111122,2025-03-19 23:56:38,1
20250319_235638,1,1,1,2,000001000,2025-03-19 23:56:38,
20250319_235638,2,2,0,0,200001000,2025-03-19 23:56:38,
20250319_235638,3,1,2,2,200001001,2025-03-19 23:56:38,
20250319_235638,4,2,1,1,200021001,2025-03-19 23:56:38,
20250319_235638,5,1,0,1,210021001,2025-03-19 23:56:39,
20250319_235638,6,2,2,1,210021021,2025-03-19 23:56:39,
20250319_235638,7,1,2,0,210021121,2025-03-19 23:56:39,
20250319_235638,8,2,1,0,210221121,2025-03-19 23:56:39,
20250319_235638,9,1,0,2,211221121,2025-03-19 23:56:39,1
20250319_235639,1,1,2,0,000000100,2025-03-19 23:56:39,
20250319_235639,2,2,2,2,000000102,2025-03-19 23:56:39,
20250319_235639,3,1,0,0,100000102,2025-03-19 23:56:39,
20250319_235639,4,2,1,2,100002102,2025-03-19 23:56:39,
20250319_235639,5,1,1,1,100012102,2025-03-19 23:56:40,
20250319_235639,6,2,1,0,100212102,2025-03-19 23:56:40,
20250319_235639,7,1,0,2,101212102,2025-03-19 23:56:40,1
20250319_235640,1,1,1,1,000010000,2025-03-19 23:56:40,
20250319_235640,2,2,2,1,000010020,2025-03-19 23:56:40,
20250319_235640,3,1,0,2,001010020,2025-03-19 23:56:40,
20250319_235640,4,2,2,2,001010022,2025-03-19 23:56:40,
20250319_235640,5,1,0,0,101010022,2025-03-19 23:56:40,
20250319_235640,6,2,0,1,121010022,2025-03-19 23:56:40,
20250319_235640,7,1,1,0,121110022,2025-03-19 23:56:40,
20250319_235640,8,2,2,0,121110222,2025-03-19 23:56:41,2
20250319_235641,1,1,1,0,000100000,2025-03-19 23:56:41,
20250319_235641,2,2,1,2,000102000,2025-03-19 23:56:41,
20250319_235641,3,1,0,1,010102000,2025-03-19 23:56:41,
20250319_235641,4,2,2,0,010102200,2025-03-19 23:56:41,
20250319_235641,5,1,2,1,010102210,2025-03-19 23:56:41,
20250319_235641,6,2,0,0,210102210,2025-03-19 23:56:41,
20250319_235641,7,1,0,2,211102210,2025-03-19 23:56:41,
20250319_235641,8,2,2,2,211102212,2025-03-19 23:56:42,
20250319_235641,9,1,1,1,211112212,2025-03-19 23:56:42,1
20250319_235642,1,1,1,1,000010000,2025-03-19 23:56:42,
20250319_235642,2,2,0,0,200010000,2025-03-19 23:56:42,
20250319_235642,3,1,0,2,201010000,2025-03-19 23:56:42,
20250319_235642,4,2,2,0,201010200,2025-03-19 23:56:42,
20250319_235642,5,1,1,2,201011200,2025-03-19 23:56:42,
20250319_235642,6,2,0,1,221011200,2025-03-19 23:56:43,
20250319_235642,7,1,2,1,221011210,2025-03-19 23:56:43,
20250319_235642,8,2,1,0,221211210,2025-03-19 23:56:43,2
20250319_235643,1,1,0,1,010000000,2025-03-19 23:56:43,
20250319_235643,2,2,2,0,010000200,2025-03-19 23:56:43,
20250319_235643,3,1,0,0,110000200,2025-03-19 23:56:43,
20250319_235643,4,2,2,2,110000202,2025-03-19 23:56:43,
20250319_235643,5,1,1,0,110100202,2025-03-19 23:56:43,
20250319_235643,6,2,1,1,110120202,2025-03-19 23:56:43,
20250319_235643,7,1,2,1,110120212,2025-03-19 23:56:44,
20250319_235643,8,2,0,2,112120212,2025-03-19 23:56:44,2
20250319_235644,1,1,2,0,000000100,2025-03-19 23:56:44,
20250319_235644,2,2,0,0,200000100,2025-03-19 23:56:44,
20250319_235644,3,1,2,1,200000110,2025-03-19 23:56:44,
20250319_235644,4,2,1,2,200002110,2025-03-19 23:56:44,
20250319_235644,5,1,1,0,200102110,2025-03-19 23:56:44,
20250319_235644,6,2,1,1,200122110,2025-03-19 23:56:44,
20250319_235644,7,1,0,1,210122110,2025-03-19 23:56:44,
20250319_235644,8,2,0,2,212122110,2025-03-19 23:56:44,
20250319_235644,9,1,2,2,212122111,2025-03-19 23:56:45,1
20250319_235645,1,1,0,0,100000000,2025-03-19 23:56:45,
20250319_235645,2,2,2,0,100000200,2025-03-19 23:56:45,
20250319_235645,3,1,1,2,100001200,2025-03-19 23:56:45,
20250319_235645,4,2,0,2,102001200,2025-03-19 23:56:45,
20250319_235645,5,1,2,2,102001201,2025-03-19 23:56:45,
20250319_235645,6,2,1,1,102021201,2025-03-19 23:56:45,2
20250319_235645,1,1,0,1,010000000,2025-03-19 23:56:45,
20250319_235645,2,2,1,2,010002000,2025-03-19 23:56:45,
20250319_235645,3,1,0,0,110002000,2025-03-19 23:56:46,
20250319_235645,4,2,1,1,110022000,2025-03-19 23:56:46,
20250319_235645,5,1,2,1,110022010,2025-03-19 23:56:46,
20250319_235645,6,2,0,2,112022010,2025-03-19 23:56:46,
20250319_235645,7,1,2,2,112022011,2025-03-19 23:56:46,
20250319_235645,8,2,1,0,112222011,2025-03-19 23:56:46,2
